S.No,City,Air Quality,"Index
Value",Prominent Pollutant,"No. of Stations
Participated/
Total Stations",Lat,Lng
1,Agra,Moderate,107,PM10,5/6,27.1766701,78.00807449999999
2,Ahmedabad,Moderate,124,"PM10, NO2",8/9,23.022505,72.5713621
3,Ahmednagar,Satisfactory,82,PM10,1/1,19.0948287,74.74797889999999
4,Aizawl,Satisfactory,56,PM2.5,1/1,23.7307175,92.7173106
5,Ajmer,Moderate,114,PM10,1/1,26.4498954,74.6399163
6,Akola,Satisfactory,72,PM10,1/1,20.7002159,77.0081678
7,Alwar,Moderate,123,PM10,1/1,27.5529907,76.6345735
8,Amaravati,Poor,227,PM2.5,1/1,16.5130887,80.5164523
9,Ambala,Good,50,PM10,1/1,30.3752011,76.782122
10,Amravati,Satisfactory,94,PM10,2/2,20.9319821,77.7523039
11,Amritsar,Moderate,114,PM10,1/1,31.6339793,74.8722642
12,Anantapur,Satisfactory,78,PM2.5,1/1,14.6824455,77.6017089
13,Angul,Very Poor,310,O3,1/1,20.8379124,85.09779139999999
14,Ankleshwar,Satisfactory,98,PM10,1/1,21.6264236,73.0151984
15,Araria,Moderate,114,PM2.5,1/1,26.1324689,87.4528067
16,Arrah,Satisfactory,53,CO,1/1,25.5541358,84.6664797
17,Asansol,Moderate,170,PM2.5,4/4,23.6888636,86.9660638
18,"Aurangabad
(Maharashtra)",Satisfactory,93,"PM10, PM2.5",3/3,19.875754,75.3393195
19,Baddi,Moderate,128,PM10,1/1,30.9578258,76.79135579999999
20,Badlapur,Moderate,112,PM10,1/1,19.1667854,73.2367896
21,Bagalkot,Good,46,PM10,1/1,16.1691096,75.6615029
22,Baghpat,Moderate,195,PM2.5,1/2,28.9427827,77.22760699999999
23,Bahadurgarh,Moderate,187,PM2.5,1/1,28.6913756,76.9314064
24,Balasore,Very Poor,301,PM2.5,1/1,21.501168,86.91781519999999
25,Ballabgarh,Moderate,157,PM2.5,1/1,28.338774,77.3205629
26,Banswara,Moderate,101,PM10,1/1,23.5451408,74.4405475
27,Baran,Moderate,156,PM2.5,1/1,25.1012882,76.5119321
28,Barbil,Poor,235,PM2.5,1/1,22.1112096,85.38585379999999
29,Bareilly,Satisfactory,58,"CO, PM10",2/2,28.3670355,79.4304381
30,Baripada,Poor,231,PM2.5,1/1,21.9319838,86.7465928
31,Barmer,Satisfactory,85,O3,1/1,25.7521467,71.3966865
32,Barrackpore,Moderate,110,PM2.5,1/1,22.766117,88.35155619999999
33,Bathinda,Satisfactory,78,CO,1/1,30.210994,74.9454745
34,Begusarai,Moderate,104,CO,1/1,25.4181638,86.1271542
35,Belapur,Moderate,125,PM10,1/1,19.0221652,73.0390426
36,Belgaum,Satisfactory,82,PM10,1/1,15.8608974,74.5129177
37,Bengaluru,Moderate,123,PM2.5,11/14,12.9628669,77.57750899999999
38,Bhagalpur,Satisfactory,88,PM10,2/2,25.242453,86.9842256
39,Bharatpur,Moderate,101,PM10,1/1,27.670626,84.4384613
40,Bhilai,Satisfactory,67,PM10,3/3,21.1938475,81.3509416
41,Bhilwara,Poor,205,PM2.5,1/1,25.3407388,74.63131829999999
42,Bhiwadi,Moderate,170,PM2.5,2/2,28.2014149,76.8275503
43,Bhiwandi,Moderate,112,PM10,1/1,19.2812547,73.0482912
44,Bhopal,Moderate,114,"PM10, PM2.5",3/3,23.2599333,77.412615
45,Bhubaneswar,Moderate,161,"PM10, O3",2/2,20.2959847,85.8246101
46,Bihar Sharif,Satisfactory,88,PM2.5,1/1,25.1947733,85.51703049999999
47,Bikaner,Moderate,151,PM10,1/1,28.0229348,73.3119159
48,Bilaspur,Satisfactory,94,PM10,1/1,22.0796545,82.1409152
49,Bileipada,Poor,257,PM2.5,1/1,21.8635241,84.9850045
50,Boisar,Satisfactory,90,PM10,1/1,19.7968929,72.7451817
51,Brajrajnagar,Moderate,188,PM2.5,1/1,21.8284575,83.91759259999999
52,Bulandshahr,Moderate,142,PM2.5,1/1,28.406963,77.8498292
53,Bundi,Poor,256,PM2.5,1/1,25.4325869,75.6482726
54,Buxar,Satisfactory,75,PM2.5,1/1,25.5647103,83.9777482
55,Byasanagar,Poor,222,O3,1/1,20.9550552,86.1271048
56,Byrnihat,Moderate,162,PM2.5,1/1,26.0515133,91.8696411
57,Chamarajanagar,Good,50,PM10,1/1,11.9261471,76.9437312
58,Chandigarh,Satisfactory,64,"PM10, PM2.5",3/3,30.7333148,76.7794179
59,Chandrapur,Moderate,144,PM10,2/2,19.9615398,79.2961468
60,Charkhi Dadri,Poor,235,PM2.5,1/1,28.6143097,76.2174935
61,Chennai,Moderate,140,PM2.5,6/9,13.0843007,80.2704622
62,Chhal,Moderate,153,PM2.5,1/1,22.1266092,83.1347414
63,Chhapra,Satisfactory,92,PM10,1/1,25.7811397,84.7543413
64,Chikkaballapur,Moderate,140,PM10,1/1,13.4354985,77.7315344
65,Chikkamagaluru,Satisfactory,67,PM10,1/1,13.3161441,75.7720439
66,Chittoor,Satisfactory,78,PM2.5,1/1,13.217176,79.1003289
67,Chittorgarh,Poor,210,PM2.5,1/1,24.8829177,74.6229699
68,Churu,Moderate,147,PM10,1/1,28.2925364,74.9707262
69,Coimbatore,Moderate,123,PM2.5,2/2,10.9973691,76.9588876
70,Cuttack,Poor,253,O3,1/1,20.462521,85.8829895
71,Dausa,Satisfactory,79,PM10,1/1,26.8996953,76.332411
72,Dehradun,Satisfactory,78,PM2.5,1/1,30.3164945,78.03219179999999
73,Delhi,Poor,226,PM2.5,39/40,28.7040592,77.10249019999999
74,Dewas,Moderate,120,PM2.5,1/1,22.9675929,76.0534454
75,Dhanbad,Moderate,142,PM10,1/2,23.7956531,86.43038589999999
76,Dharuhera,Poor,213,PM2.5,1/1,28.2056606,76.7914639
77,Dharwad,Satisfactory,98,PM10,1/1,15.4589236,75.007808
78,Dholpur,Satisfactory,60,PM2.5,1/1,26.6965521,77.8907576
79,Dhule,Moderate,102,PM10,1/1,20.9042201,74.7748979
80,Dungarpur,Moderate,109,PM2.5,1/1,23.8518813,73.72043049999999
81,Durgapur,Moderate,141,PM2.5,3/3,23.5204443,87.3119227
82,Eloor,Moderate,136,PM2.5,1/1,10.0669103,76.2989896
83,Faridabad,Moderate,129,"PM10, PM2.5",3/4,28.4089123,77.3177894
84,Firozabad,Good,46,"SO2 , PM2.5",2/2,27.1591961,78.3957331
85,Gandhinagar,Moderate,124,"PM10, PM2.5",3/3,23.2156354,72.63694149999999
86,Gangtok,Good,44,PM2.5,1/1,27.3313512,88.6138113
87,Gaya,Moderate,124,"PM10, PM2.5",2/3,24.7913957,85.0002336
88,Ghaziabad,Poor,272,PM2.5,4/4,28.6691565,77.45375779999999
89,Gorakhpur,Satisfactory,56,PM10,1/1,26.7605545,83.3731675
90,Greater Noida,Poor,250,PM2.5,2/2,28.4743879,77.50399039999999
91,Gummidipoondi,Poor,281,PM2.5,1/1,13.4109557,80.11697079999999
92,Gurugram,Poor,232,PM2.5,4/4,28.4594965,77.0266383
93,Guwahati,Moderate,126,"PM10, PM2.5",2/4,26.1157917,91.7085933
94,Gwalior,Moderate,122,PM2.5,2/4,26.2124007,78.1772053
95,Hajipur,Moderate,126,PM2.5,1/1,25.6924354,85.20832399999999
96,Haldia,Moderate,174,PM2.5,1/1,22.0627164,88.0832934
97,Hanumangarh,Moderate,172,PM10,1/1,29.5821848,74.3292106
98,Hapur,Satisfactory,97,PM2.5,1/1,28.73057979999999,77.7758825
99,Hisar,Satisfactory,86,PM10,1/1,29.1491875,75.7216527
100,Howrah,Poor,201,PM2.5,5/5,22.5818019,88.33621749999999
101,Hubballi,Satisfactory,54,PM10,1/2,15.3647083,75.1239547
102,Hyderabad,Satisfactory,88,"PM10, PM2.5",13/14,17.406498,78.47724389999999
103,Indore,Satisfactory,83,"PM10, PM2.5",5/6,22.7195687,75.8577258
104,Jabalpur,Moderate,177,"O3 , PM2.5",3/4,23.1685786,79.9338798
105,Jaipur,Moderate,190,PM2.5,6/6,26.9124336,75.7872709
106,Jaisalmer,Satisfactory,67,O3,1/1,26.9157487,70.9083443
107,Jalandhar,Satisfactory,76,PM10,1/1,31.3260152,75.57618289999999
108,Jalgaon,Satisfactory,86,PM10,1/1,21.0076578,75.5626039
109,Jalna,Satisfactory,79,PM10,1/1,19.8346659,75.88163449999999
110,Jalore,Satisfactory,96,PM2.5,1/1,25.3474783,72.6226296
111,Jhalawar,Moderate,113,PM2.5,1/1,24.593906,76.1642846
112,Jhansi,Good,49,PM2.5,1/1,25.4487699,78.5697526
113,Jhunjhunu,Moderate,136,PM10,1/1,28.1317038,75.4022233
114,Jind,Moderate,104,PM2.5,1/1,29.325508,76.29979089999999
115,Jodhpur,Satisfactory,79,"PM10, O3",5/5,26.2389469,73.02430939999999
116,Kadapa,Satisfactory,82,PM2.5,1/1,14.4673154,78.8242089
117,Kalaburagi,Satisfactory,55,PM10,1/2,17.329731,76.8342957
118,Kalyan,Moderate,158,"PM10, O3",2/2,19.2403305,73.1305395
119,Kannur,Moderate,105,PM10,1/1,11.8704703,75.367882
120,Kanpur,Satisfactory,68,"PM10, PM2.5",3/4,26.449923,80.3318736
121,Karauli,Satisfactory,91,PM2.5,1/1,26.5049791,77.0267705
122,Karnal,Good,32,O3,1/1,29.6856929,76.9904825
123,Katihar,Satisfactory,99,PM2.5,1/1,25.5540648,87.5591073
124,Katni,Satisfactory,93,PM10,1/1,23.8343441,80.38938139999999
125,Keonjhar,Moderate,194,PM2.5,1/1,21.6392783,85.605494
126,Khanna,Satisfactory,77,PM10,1/1,30.70707689999999,76.2169907
127,Khurja,Satisfactory,99,PM10,1/1,28.2489801,77.854903
128,Kishanganj,Satisfactory,59,PM10,1/1,26.0982167,87.9450379
129,Kohima,Satisfactory,77,SO2,1/1,25.6742421,94.1085937
130,Kolhapur,Satisfactory,100,PM10,2/2,16.706369,74.2481772
131,Kolkata,Moderate,199,PM2.5,7/7,22.5743545,88.3628734
132,Kollam,Moderate,153,PM2.5,1/1,8.8932118,76.6141396
133,Korba,Satisfactory,94,"PM10, PM2.5",2/2,22.3594501,82.75005949999999
134,Kota,Moderate,190,"PM10, PM2.5",3/3,25.2138156,75.8647527
135,Kunjemura,Moderate,186,PM10,1/1,22.1196254,83.4952996
136,Kurukshetra,Moderate,106,PM10,1/1,29.9695121,76.878282
137,Latur,Satisfactory,100,PM2.5,1/1,18.4087934,76.5603828
138,Lucknow,Satisfactory,89,PM10,6/6,26.8466937,80.94616599999999
139,Ludhiana,Moderate,113,PM10,1/1,30.900965,75.8572758
140,Madikeri,Good,49,PM2.5,1/1,12.4244205,75.7381856
141,Madurai,Satisfactory,94,PM10,1/1,9.9252007,78.1197754
142,Mahad,Satisfactory,95,PM10,1/1,18.0820208,73.42244099999999
143,Malegaon,Moderate,122,PM10,1/1,20.5579034,74.5089457
144,Mandi Gobindgarh,Satisfactory,78,PM10,1/1,30.66422799999999,76.29139049999999
145,Mandideep,Moderate,116,NO2,1/1,23.0992796,77.5114731
146,Mandikhera,Satisfactory,93,PM10,1/1,27.8966318,76.99166749999999
147,Manesar,Moderate,141,PM2.5,1/1,28.3515381,76.9427774
148,Manguraha,Moderate,138,PM2.5,1/1,26.5638594,84.60735369999999
149,Meerut,Moderate,136,"PM10, PM2.5",3/3,28.9844618,77.7064137
150,Milupara,Moderate,195,O3,1/1,22.1870293,83.51902199999999
151,Mira-Bhayandar,Moderate,104,PM10,1/1,19.2952325,72.8543897
152,Moradabad,Satisfactory,71,PM10,6/7,28.8386481,78.7733286
153,Motihari,Satisfactory,71,PM2.5,1/1,26.6438482,84.9040337
154,Mumbai,Satisfactory,94,PM10,26/30,18.9581934,72.8320729
155,Munger,Moderate,113,PM2.5,1/1,25.3707993,86.47339029999999
156,Muzaffarnagar,Moderate,152,PM2.5,1/1,29.4726817,77.7085091
157,Muzaffarpur,Moderate,124,PM2.5,3/3,26.1196607,85.390982
158,Mysuru,Satisfactory,77,PM10,1/1,12.2958104,76.6393805
159,Nagaon,Moderate,127,PM2.5,1/1,26.348009,92.6838111
160,Nagapattinam,Satisfactory,100,PM2.5,1/1,10.7672313,79.8448512
161,Nagaur,Satisfactory,100,PM10,1/1,27.1983368,73.7493272
162,Nagpur,Moderate,144,PM2.5,4/4,21.1458004,79.0881546
163,Naharlagun,Moderate,199,PM2.5,1/1,27.1086309,93.6983979
164,Nalbari,Moderate,147,PM2.5,1/1,26.4446185,91.4410527
165,Narnaul,Poor,208,PM2.5,1/1,28.0687645,76.10678899999999
166,Nashik,Satisfactory,84,PM10,4/4,19.9993217,73.79001880000001
167,Navi Mumbai,Satisfactory,100,PM10,6/8,19.0330488,73.0296625
168,Noida,Poor,247,PM2.5,4/4,28.5355161,77.3910265
169,Pali,Satisfactory,99,PM2.5,1/1,25.7780623,73.331147
170,Palwal,Good,48,PM10,1/1,28.1472852,77.3259878
171,Pampore,Satisfactory,52,PM10,1/1,34.0060098,74.9238001
172,Panchgaon,Good,39,PM2.5,1/1,28.3154379,76.8970669
173,Panchkula,Satisfactory,100,PM2.5,1/1,30.6942091,76.860565
174,Panipat,Satisfactory,80,PM10,1/1,29.3909464,76.9635023
175,Parbhani,Satisfactory,90,PM10,1/1,19.2608384,76.774776
176,Patiala,Satisfactory,84,PM10,1/1,30.3397809,76.3868797
177,Patna,Moderate,103,PM10,6/6,25.5940947,85.1375645
178,Perundurai,Satisfactory,83,PM10,1/1,11.2746098,77.58270069999999
179,Pimpri-Chinchwad,Moderate,102,PM10,4/4,18.6263131,73.805498
180,Pithampur,Poor,240,PM2.5,1/1,22.611121,75.6772689
181,Pratapgarh,Moderate,145,PM2.5,1/1,25.9213561,81.98801999999999
182,Prayagraj,Satisfactory,57,"PM10, PM2.5",3/3,25.468338,81.85460189999999
183,Puducherry,Moderate,118,PM2.5,1/1,11.9415915,79.8083133
184,Pudukottai,Moderate,103,PM10,1/1,10.3832867,78.800129
185,Pune,Moderate,136,PM2.5,9/13,18.5246091,73.8786239
186,Purnia,Moderate,118,PM2.5,1/1,25.7771391,87.4752551
187,Raipur,Satisfactory,95,"PM10, PM2.5",4/4,21.2513844,81.62964130000002
188,Rairangpur,Moderate,108,PM10,1/1,22.2709322,86.1700894
189,Rajamahendravaram,Poor,202,PM2.5,1/1,17.0005383,81.8040345
190,Rajgir,Satisfactory,87,CO,1/1,25.0261746,85.4173739
191,Rajsamand,Moderate,107,PM2.5,1/1,25.0583257,73.88600339999999
192,Ramanagara,Moderate,134,PM10,1/1,12.7208614,77.27989629999999
193,Ramanathapuram,Satisfactory,81,PM10,1/1,9.3639356,78.8394819
194,Ratlam,Moderate,122,PM10,1/1,23.3315103,75.0366677
195,Rishikesh,Satisfactory,56,O3,1/1,30.1157619,78.28530169999999
196,Rohtak,Moderate,109,PM2.5,1/1,28.8955152,76.606611
197,Rourkela,Moderate,139,"PM10, PM2.5",3/3,22.260423,84.8535844
198,Rupnagar,Good,50,CO,1/1,30.9661003,76.5230961
199,Sagar,Satisfactory,96,PM10,2/2,23.9259385,78.8382644
200,Saharsa,Moderate,118,PM10,1/1,25.8773651,86.5927887
201,Samastipur,Satisfactory,90,PM2.5,1/1,25.8560271,85.7868233
202,Sangli,Satisfactory,99,PM2.5,1/1,16.8523973,74.5814773
203,Sasaram,Satisfactory,61,PM10,1/1,24.9538803,84.01428659999999
204,Satna,Satisfactory,70,PM10,1/1,24.6005075,80.8322428
205,Sawai Madhopur,Moderate,142,PM10,1/1,26.012373,76.3560109
206,Shillong,Moderate,109,PM2.5,1/2,25.5787726,91.8932535
207,Shivamogga,Satisfactory,60,PM10,1/1,13.9299299,75.568101
208,Sikar,Poor,216,PM2.5,1/1,27.6093912,75.1397935
209,Silchar,Satisfactory,62,PM10,1/1,24.8332708,92.7789054
210,Siliguri,Moderate,129,PM10,1/1,26.7271012,88.39528609999999
211,Singrauli,Poor,267,PM2.5,1/1,24.1989544,82.6676209
212,Sirohi,Satisfactory,74,O3,1/1,24.8827147,72.8608948
213,Sivasagar,Satisfactory,70,O3,1/1,26.989087,94.639424
214,Siwan,Satisfactory,71,CO,1/1,26.2243204,84.3599953
215,Solapur,Moderate,114,"PM10, PM2.5",2/3,17.6700736,75.9010467
216,Sonipat,Moderate,136,PM2.5,1/1,28.99308229999999,77.0150735
217,Sri Ganganagar,Moderate,111,PM10,1/1,29.9093759,73.87998050000002
218,Srinagar,Good,30,"PM10, PM2.5",2/2,34.0836708,74.7972825
219,Suakati,Poor,272,PM2.5,1/1,21.6043925,85.5161612
220,Surat,Satisfactory,61,PM10,1/1,21.1702401,72.83106070000001
221,Talcher,Moderate,158,PM2.5,1/1,20.9501027,85.216816
222,Thane,Satisfactory,100,PM10,2/2,19.2122949,72.97716609999999
223,Thanjavur,Good,40,PM10,1/1,10.787719,79.1384288
224,Thiruvananthapuram,Moderate,122,"PM10, PM2.5",2/2,8.5241391,76.9366376
225,Thoothukudi,Satisfactory,82,PM10,1/1,8.764166099999999,78.1348361
226,Thrissur,Satisfactory,67,PM10,1/1,10.5241176,76.2120649
227,Tirumala,Moderate,171,PM2.5,1/1,13.6807357,79.3508975
228,Tirupati,Satisfactory,62,PM10,1/1,13.6287557,79.4191795
229,Tonk,Poor,254,PM2.5,1/1,26.1659063,75.7962852
230,Tumakuru,Moderate,148,PM10,1/1,13.3378762,77.117325
231,Udaipur,Moderate,108,PM10,1/1,24.585445,73.712479
232,Ulhasnagar,Moderate,116,PM10,1/1,19.2215115,73.1644628
233,Vapi,Satisfactory,75,PM10,1/1,20.3893155,72.9106202
234,Varanasi,Satisfactory,52,"PM10, NO2 , PM2.5",4/4,25.3176452,82.9739144
235,Vatva,Moderate,177,PM2.5,1/1,22.9664255,72.6159326
236,Vijayapura,Satisfactory,62,PM10,1/1,16.8301708,75.710031
237,Vijayawada,Satisfactory,88,PM2.5,4/4,16.5061743,80.6480153
238,Virar,Satisfactory,80,PM10,1/1,19.4563596,72.79246119999999
239,Visakhapatnam,Poor,230,PM2.5,1/1,17.6973801,83.29902539999999
240,Vrindavan,Good,37,PM10,1/1,27.5650088,77.6593394
241,Yadgir,Moderate,128,PM2.5,1/1,16.748739,77.130872
242,Yamuna Nagar,Satisfactory,91,PM10,1/1,30.1290485,77.2673901
